No.,Time,Source,Destination,Protocol,Length,MSS,WIN,TTL,URG,ACK,PSH,RST,SYN,FIN,SQ,SQR,Who,At,Info,Src Port,Dest Port
1,0,10.0.2.4,10.0.2.1,DNS,92,0,0,64,0,0,0,0,0,0,1,0,0,0,Standard query 0xd34d PTR 0.2.0.10.in-addr.arpa OPT,40826,53
2,0.000353,10.0.2.4,10.0.2.1,DNS,92,0,0,64,0,0,0,0,0,0,1,0,0,0,Standard query 0x7a5a PTR 1.2.0.10.in-addr.arpa OPT,41568,53
3,0.000623,10.0.2.4,10.0.2.1,DNS,92,0,0,64,0,0,0,0,0,0,1,0,0,0,Standard query 0x093f PTR 2.2.0.10.in-addr.arpa OPT,53063,53
4,0.000887,10.0.2.4,10.0.2.1,DNS,92,0,0,64,0,0,0,0,0,0,1,0,0,0,Standard query 0xde0a PTR 3.2.0.10.in-addr.arpa OPT,50483,53
5,0.001236,10.0.2.4,10.0.2.1,DNS,92,0,0,64,0,0,0,0,0,0,1,0,0,0,Standard query 0x7b71 PTR 4.2.0.10.in-addr.arpa OPT,57545,53
6,0.00155,10.0.2.4,10.0.2.1,DNS,92,0,0,64,0,0,0,0,0,0,1,0,0,0,Standard query 0x683c PTR 5.2.0.10.in-addr.arpa OPT,58857,53
7,0.001928,10.0.2.4,10.0.2.1,DNS,92,0,0,64,0,0,0,0,0,0,1,0,0,0,Standard query 0xbfa3 PTR 6.2.0.10.in-addr.arpa OPT,40137,53
8,0.002312,10.0.2.4,10.0.2.1,DNS,92,0,0,64,0,0,0,0,0,0,1,0,0,0,Standard query 0x5803 PTR 7.2.0.10.in-addr.arpa OPT,43090,53
9,0.002713,10.0.2.1,10.0.2.4,DNS,92,0,0,255,0,0,0,0,0,0,0,1,0,0,Standard query response 0xd34d No such name PTR 0.2.0.10.in-addr.arpa OPT,53,40826
10,0.002877,10.0.2.4,10.0.2.1,DNS,92,0,0,64,0,0,0,0,0,0,1,0,0,0,Standard query 0xce6c PTR 8.2.0.10.in-addr.arpa OPT,59423,53
11,0.003324,10.0.2.1,10.0.2.4,DNS,92,0,0,255,0,0,0,0,0,0,0,1,0,0,Standard query response 0x7a5a No such name PTR 1.2.0.10.in-addr.arpa OPT,53,41568
12,0.003368,10.0.2.4,10.0.2.1,DNS,92,0,0,64,0,0,0,0,0,0,1,0,0,0,Standard query 0x513b PTR 9.2.0.10.in-addr.arpa OPT,54116,53
13,0.003608,10.0.2.1,10.0.2.4,DNS,92,0,0,255,0,0,0,0,0,0,0,1,0,0,Standard query response 0x093f No such name PTR 2.2.0.10.in-addr.arpa OPT,53,53063
14,0.003758,10.0.2.4,10.0.2.1,DNS,81,0,0,64,0,0,0,0,0,0,1,0,0,0,Standard query 0xd34d PTR 0.2.0.10.in-addr.arpa,40826,53
15,0.003986,10.0.2.4,10.0.2.1,DNS,81,0,0,64,0,0,0,0,0,0,1,0,0,0,Standard query 0x7a5a PTR 1.2.0.10.in-addr.arpa,41568,53
16,0.004205,10.0.2.4,10.0.2.1,DNS,81,0,0,64,0,0,0,0,0,0,1,0,0,0,Standard query 0x093f PTR 2.2.0.10.in-addr.arpa,53063,53
17,0.005182,10.0.2.1,10.0.2.4,DNS,92,0,0,255,0,0,0,0,0,0,0,1,0,0,Standard query response 0xde0a No such name PTR 3.2.0.10.in-addr.arpa OPT,53,50483
18,0.005182,10.0.2.1,10.0.2.4,DNS,92,0,0,255,0,0,0,0,0,0,0,1,0,0,Standard query response 0x7b71 No such name PTR 4.2.0.10.in-addr.arpa OPT,53,57545
19,0.00543,10.0.2.4,10.0.2.1,DNS,81,0,0,64,0,0,0,0,0,0,1,0,0,0,Standard query 0xde0a PTR 3.2.0.10.in-addr.arpa,50483,53
20,0.005701,10.0.2.4,10.0.2.1,DNS,81,0,0,64,0,0,0,0,0,0,1,0,0,0,Standard query 0x7b71 PTR 4.2.0.10.in-addr.arpa,57545,53
21,0.006477,10.0.2.1,10.0.2.4,DNS,92,0,0,255,0,0,0,0,0,0,0,1,0,0,Standard query response 0x683c No such name PTR 5.2.0.10.in-addr.arpa OPT,53,58857
22,0.006478,10.0.2.1,10.0.2.4,DNS,92,0,0,255,0,0,0,0,0,0,0,1,0,0,Standard query response 0xbfa3 No such name PTR 6.2.0.10.in-addr.arpa OPT,53,40137
23,0.006604,10.0.2.1,10.0.2.4,DNS,92,0,0,255,0,0,0,0,0,0,0,1,0,0,Standard query response 0x5803 No such name PTR 7.2.0.10.in-addr.arpa OPT,53,43090
24,0.006651,10.0.2.4,10.0.2.1,DNS,81,0,0,64,0,0,0,0,0,0,1,0,0,0,Standard query 0x683c PTR 5.2.0.10.in-addr.arpa,58857,53
25,0.00677,10.0.2.1,10.0.2.4,DNS,92,0,0,255,0,0,0,0,0,0,0,1,0,0,Standard query response 0xce6c No such name PTR 8.2.0.10.in-addr.arpa OPT,53,59423
26,0.006808,10.0.2.4,10.0.2.1,DNS,81,0,0,64,0,0,0,0,0,0,1,0,0,0,Standard query 0xbfa3 PTR 6.2.0.10.in-addr.arpa,40137,53
27,0.006994,10.0.2.4,10.0.2.1,DNS,81,0,0,64,0,0,0,0,0,0,1,0,0,0,Standard query 0x5803 PTR 7.2.0.10.in-addr.arpa,43090,53
28,0.00712,10.0.2.4,10.0.2.1,DNS,81,0,0,64,0,0,0,0,0,0,1,0,0,0,Standard query 0xce6c PTR 8.2.0.10.in-addr.arpa,59423,53
29,0.008286,10.0.2.1,10.0.2.4,DNS,92,0,0,255,0,0,0,0,0,0,0,1,0,0,Standard query response 0x513b No such name PTR 9.2.0.10.in-addr.arpa OPT,53,54116
30,0.008437,10.0.2.4,10.0.2.1,DNS,81,0,0,64,0,0,0,0,0,0,1,0,0,0,Standard query 0x513b PTR 9.2.0.10.in-addr.arpa,54116,53
31,0.008452,10.0.2.1,10.0.2.4,DNS,81,0,0,255,0,0,0,0,0,0,0,1,0,0,Standard query response 0xd34d No such name PTR 0.2.0.10.in-addr.arpa,53,40826
32,0.008891,10.0.2.4,10.0.2.1,DNS,93,0,0,64,0,0,0,0,0,0,1,0,0,0,Standard query 0x8805 PTR 10.2.0.10.in-addr.arpa OPT,36638,53
33,0.009019,10.0.2.4,10.0.2.1,DNS,93,0,0,64,0,0,0,0,0,0,1,0,0,0,Standard query 0xe72d PTR 11.2.0.10.in-addr.arpa OPT,53500,53
34,0.009138,10.0.2.4,10.0.2.1,DNS,93,0,0,64,0,0,0,0,0,0,1,0,0,0,Standard query 0x841e PTR 12.2.0.10.in-addr.arpa OPT,57884,53
35,0.00916,10.0.2.1,10.0.2.4,DNS,81,0,0,255,0,0,0,0,0,0,0,1,0,0,Standard query response 0x7a5a No such name PTR 1.2.0.10.in-addr.arpa,53,41568
36,0.009536,10.0.2.4,10.0.2.1,DNS,93,0,0,64,0,0,0,0,0,0,1,0,0,0,Standard query 0x4c37 PTR 13.2.0.10.in-addr.arpa OPT,36885,53
37,0.009642,10.0.2.4,10.0.2.1,DNS,93,0,0,64,0,0,0,0,0,0,1,0,0,0,Standard query 0xe009 PTR 14.2.0.10.in-addr.arpa OPT,52807,53
38,0.009711,10.0.2.1,10.0.2.4,DNS,81,0,0,255,0,0,0,0,0,0,0,1,0,0,Standard query response 0x093f No such name PTR 2.2.0.10.in-addr.arpa,53,53063
39,0.009765,10.0.2.4,10.0.2.1,DNS,93,0,0,64,0,0,0,0,0,0,1,0,0,0,Standard query 0xec22 PTR 15.2.0.10.in-addr.arpa OPT,58488,53
40,0.010317,10.0.2.1,10.0.2.4,DNS,81,0,0,255,0,0,0,0,0,0,0,1,0,0,Standard query response 0xde0a No such name PTR 3.2.0.10.in-addr.arpa,53,50483
41,0.010434,10.0.2.1,10.0.2.4,DNS,81,0,0,255,0,0,0,0,0,0,0,1,0,0,Standard query response 0x7b71 No such name PTR 4.2.0.10.in-addr.arpa,53,57545
42,0.0107,10.0.2.1,10.0.2.4,DNS,81,0,0,255,0,0,0,0,0,0,0,1,0,0,Standard query response 0x683c No such name PTR 5.2.0.10.in-addr.arpa,53,58857
43,0.011158,10.0.2.1,10.0.2.4,DNS,81,0,0,255,0,0,0,0,0,0,0,1,0,0,Standard query response 0xbfa3 No such name PTR 6.2.0.10.in-addr.arpa,53,40137
44,0.011834,10.0.2.1,10.0.2.4,DNS,81,0,0,255,0,0,0,0,0,0,0,1,0,0,Standard query response 0x5803 No such name PTR 7.2.0.10.in-addr.arpa,53,43090
45,0.01311,10.0.2.1,10.0.2.4,DNS,81,0,0,255,0,0,0,0,0,0,0,1,0,0,Standard query response 0xce6c No such name PTR 8.2.0.10.in-addr.arpa,53,59423
46,0.013249,10.0.2.1,10.0.2.4,DNS,81,0,0,255,0,0,0,0,0,0,0,1,0,0,Standard query response 0x513b No such name PTR 9.2.0.10.in-addr.arpa,53,54116
47,0.01343,10.0.2.1,10.0.2.4,DNS,93,0,0,255,0,0,0,0,0,0,0,1,0,0,Standard query response 0x8805 No such name PTR 10.2.0.10.in-addr.arpa OPT,53,36638
48,0.013509,10.0.2.4,10.0.2.1,DNS,82,0,0,64,0,0,0,0,0,0,1,0,0,0,Standard query 0x8805 PTR 10.2.0.10.in-addr.arpa,36638,53
49,0.013679,10.0.2.1,10.0.2.4,DNS,93,0,0,255,0,0,0,0,0,0,0,1,0,0,Standard query response 0xe72d No such name PTR 11.2.0.10.in-addr.arpa OPT,53,53500
50,0.013756,10.0.2.4,10.0.2.1,DNS,82,0,0,64,0,0,0,0,0,0,1,0,0,0,Standard query 0xe72d PTR 11.2.0.10.in-addr.arpa,53500,53
51,0.013973,10.0.2.1,10.0.2.4,DNS,93,0,0,255,0,0,0,0,0,0,0,1,0,0,Standard query response 0x841e No such name PTR 12.2.0.10.in-addr.arpa OPT,53,57884
52,0.014067,10.0.2.4,10.0.2.1,DNS,82,0,0,64,0,0,0,0,0,0,1,0,0,0,Standard query 0x841e PTR 12.2.0.10.in-addr.arpa,57884,53
53,0.014067,10.0.2.1,10.0.2.4,DNS,93,0,0,255,0,0,0,0,0,0,0,1,0,0,Standard query response 0xe009 No such name PTR 14.2.0.10.in-addr.arpa OPT,53,52807
54,0.014119,10.0.2.4,10.0.2.1,DNS,82,0,0,64,0,0,0,0,0,0,1,0,0,0,Standard query 0xe009 PTR 14.2.0.10.in-addr.arpa,52807,53
55,0.014329,10.0.2.1,10.0.2.4,DNS,93,0,0,255,0,0,0,0,0,0,0,1,0,0,Standard query response 0x4c37 No such name PTR 13.2.0.10.in-addr.arpa OPT,53,36885
56,0.014422,10.0.2.4,10.0.2.1,DNS,82,0,0,64,0,0,0,0,0,0,1,0,0,0,Standard query 0x4c37 PTR 13.2.0.10.in-addr.arpa,36885,53
57,0.014542,10.0.2.1,10.0.2.4,DNS,93,0,0,255,0,0,0,0,0,0,0,1,0,0,Standard query response 0xec22 No such name PTR 15.2.0.10.in-addr.arpa OPT,53,58488
58,0.014632,10.0.2.4,10.0.2.1,DNS,82,0,0,64,0,0,0,0,0,0,1,0,0,0,Standard query 0xec22 PTR 15.2.0.10.in-addr.arpa,58488,53
59,0.015438,10.0.2.1,10.0.2.4,DNS,82,0,0,255,0,0,0,0,0,0,0,1,0,0,Standard query response 0x8805 No such name PTR 10.2.0.10.in-addr.arpa,53,36638
60,0.016395,10.0.2.1,10.0.2.4,DNS,82,0,0,255,0,0,0,0,0,0,0,1,0,0,Standard query response 0xe72d No such name PTR 11.2.0.10.in-addr.arpa,53,53500
61,0.016571,10.0.2.1,10.0.2.4,DNS,82,0,0,255,0,0,0,0,0,0,0,1,0,0,Standard query response 0x841e No such name PTR 12.2.0.10.in-addr.arpa,53,57884
62,0.01675,10.0.2.1,10.0.2.4,DNS,82,0,0,255,0,0,0,0,0,0,0,1,0,0,Standard query response 0xe009 No such name PTR 14.2.0.10.in-addr.arpa,53,52807
63,0.016917,10.0.2.1,10.0.2.4,DNS,82,0,0,255,0,0,0,0,0,0,0,1,0,0,Standard query response 0x4c37 No such name PTR 13.2.0.10.in-addr.arpa,53,36885
64,0.017093,10.0.2.1,10.0.2.4,DNS,82,0,0,255,0,0,0,0,0,0,0,1,0,0,Standard query response 0xec22 No such name PTR 15.2.0.10.in-addr.arpa,53,58488
65,5.168218,PcsCompu_92:ab:0d,RealtekU_12:35:00,ARP,42,0,0,0,0,0,0,0,0,0,0,0,1,0,Who has 10.0.2.1? Tell 10.0.2.4,,
66,5.168569,RealtekU_12:35:00,PcsCompu_92:ab:0d,ARP,60,0,0,0,0,0,0,0,0,0,0,0,0,1,10.0.2.1 is at 52:54:00:12:35:00,,
67,13.743994,10.0.2.4,10.0.2.1,DNS,92,0,0,64,0,0,0,0,0,0,1,0,0,0,Standard query 0x5de0 PTR 0.2.0.10.in-addr.arpa OPT,59832,53
68,13.744155,10.0.2.4,10.0.2.1,DNS,92,0,0,64,0,0,0,0,0,0,1,0,0,0,Standard query 0x6a4e PTR 1.2.0.10.in-addr.arpa OPT,51403,53
69,13.744276,10.0.2.4,10.0.2.1,DNS,92,0,0,64,0,0,0,0,0,0,1,0,0,0,Standard query 0xd259 PTR 2.2.0.10.in-addr.arpa OPT,56026,53
70,13.7444,10.0.2.4,10.0.2.1,DNS,92,0,0,64,0,0,0,0,0,0,1,0,0,0,Standard query 0x7be7 PTR 3.2.0.10.in-addr.arpa OPT,47949,53
71,13.744514,10.0.2.4,10.0.2.1,DNS,92,0,0,64,0,0,0,0,0,0,1,0,0,0,Standard query 0x92d9 PTR 4.2.0.10.in-addr.arpa OPT,45548,53
72,13.744631,10.0.2.4,10.0.2.1,DNS,92,0,0,64,0,0,0,0,0,0,1,0,0,0,Standard query 0x5b9c PTR 5.2.0.10.in-addr.arpa OPT,44909,53
73,13.744744,10.0.2.4,10.0.2.1,DNS,92,0,0,64,0,0,0,0,0,0,1,0,0,0,Standard query 0xe62a PTR 6.2.0.10.in-addr.arpa OPT,43253,53
74,13.744848,10.0.2.4,10.0.2.1,DNS,92,0,0,64,0,0,0,0,0,0,1,0,0,0,Standard query 0x95fe PTR 7.2.0.10.in-addr.arpa OPT,59919,53
75,13.744944,10.0.2.4,10.0.2.1,DNS,92,0,0,64,0,0,0,0,0,0,1,0,0,0,Standard query 0x46e0 PTR 8.2.0.10.in-addr.arpa OPT,35314,53
76,13.745053,10.0.2.4,10.0.2.1,DNS,92,0,0,64,0,0,0,0,0,0,1,0,0,0,Standard query 0xa99b PTR 9.2.0.10.in-addr.arpa OPT,56183,53
77,13.747629,10.0.2.1,10.0.2.4,DNS,92,0,0,255,0,0,0,0,0,0,0,1,0,0,Standard query response 0x5de0 No such name PTR 0.2.0.10.in-addr.arpa OPT,53,59832
78,13.747836,10.0.2.4,10.0.2.1,DNS,81,0,0,64,0,0,0,0,0,0,1,0,0,0,Standard query 0x5de0 PTR 0.2.0.10.in-addr.arpa,59832,53
79,13.748152,10.0.2.1,10.0.2.4,DNS,92,0,0,255,0,0,0,0,0,0,0,1,0,0,Standard query response 0x6a4e No such name PTR 1.2.0.10.in-addr.arpa OPT,53,51403
80,13.748292,10.0.2.4,10.0.2.1,DNS,81,0,0,64,0,0,0,0,0,0,1,0,0,0,Standard query 0x6a4e PTR 1.2.0.10.in-addr.arpa,51403,53
81,13.748906,10.0.2.1,10.0.2.4,DNS,92,0,0,255,0,0,0,0,0,0,0,1,0,0,Standard query response 0xd259 No such name PTR 2.2.0.10.in-addr.arpa OPT,53,56026
82,13.749019,10.0.2.1,10.0.2.4,DNS,92,0,0,255,0,0,0,0,0,0,0,1,0,0,Standard query response 0x7be7 No such name PTR 3.2.0.10.in-addr.arpa OPT,53,47949
83,13.7491,10.0.2.4,10.0.2.1,DNS,81,0,0,64,0,0,0,0,0,0,1,0,0,0,Standard query 0xd259 PTR 2.2.0.10.in-addr.arpa,56026,53
84,13.749177,10.0.2.4,10.0.2.1,DNS,81,0,0,64,0,0,0,0,0,0,1,0,0,0,Standard query 0x7be7 PTR 3.2.0.10.in-addr.arpa,47949,53
85,13.749284,10.0.2.1,10.0.2.4,DNS,92,0,0,255,0,0,0,0,0,0,0,1,0,0,Standard query response 0x92d9 No such name PTR 4.2.0.10.in-addr.arpa OPT,53,45548
86,13.74942,10.0.2.4,10.0.2.1,DNS,81,0,0,64,0,0,0,0,0,0,1,0,0,0,Standard query 0x92d9 PTR 4.2.0.10.in-addr.arpa,45548,53
87,13.749524,10.0.2.1,10.0.2.4,DNS,92,0,0,255,0,0,0,0,0,0,0,1,0,0,Standard query response 0x5b9c No such name PTR 5.2.0.10.in-addr.arpa OPT,53,44909
88,13.749613,10.0.2.4,10.0.2.1,DNS,81,0,0,64,0,0,0,0,0,0,1,0,0,0,Standard query 0x5b9c PTR 5.2.0.10.in-addr.arpa,44909,53
89,13.749704,10.0.2.1,10.0.2.4,DNS,92,0,0,255,0,0,0,0,0,0,0,1,0,0,Standard query response 0xe62a No such name PTR 6.2.0.10.in-addr.arpa OPT,53,43253
90,13.749795,10.0.2.4,10.0.2.1,DNS,81,0,0,64,0,0,0,0,0,0,1,0,0,0,Standard query 0xe62a PTR 6.2.0.10.in-addr.arpa,43253,53
91,13.749881,10.0.2.1,10.0.2.4,DNS,92,0,0,255,0,0,0,0,0,0,0,1,0,0,Standard query response 0x95fe No such name PTR 7.2.0.10.in-addr.arpa OPT,53,59919
92,13.749976,10.0.2.4,10.0.2.1,DNS,81,0,0,64,0,0,0,0,0,0,1,0,0,0,Standard query 0x95fe PTR 7.2.0.10.in-addr.arpa,59919,53
93,13.75043,10.0.2.1,10.0.2.4,DNS,92,0,0,255,0,0,0,0,0,0,0,1,0,0,Standard query response 0x46e0 No such name PTR 8.2.0.10.in-addr.arpa OPT,53,35314
94,13.750538,10.0.2.4,10.0.2.1,DNS,81,0,0,64,0,0,0,0,0,0,1,0,0,0,Standard query 0x46e0 PTR 8.2.0.10.in-addr.arpa,35314,53
95,13.750949,10.0.2.1,10.0.2.4,DNS,92,0,0,255,0,0,0,0,0,0,0,1,0,0,Standard query response 0xa99b No such name PTR 9.2.0.10.in-addr.arpa OPT,53,56183
96,13.751068,10.0.2.4,10.0.2.1,DNS,81,0,0,64,0,0,0,0,0,0,1,0,0,0,Standard query 0xa99b PTR 9.2.0.10.in-addr.arpa,56183,53
97,13.75218,10.0.2.1,10.0.2.4,DNS,81,0,0,255,0,0,0,0,0,0,0,1,0,0,Standard query response 0x5de0 No such name PTR 0.2.0.10.in-addr.arpa,53,59832
98,13.752713,10.0.2.1,10.0.2.4,DNS,81,0,0,255,0,0,0,0,0,0,0,1,0,0,Standard query response 0x6a4e No such name PTR 1.2.0.10.in-addr.arpa,53,51403
99,13.752775,10.0.2.4,10.0.2.1,DNS,93,0,0,64,0,0,0,0,0,0,1,0,0,0,Standard query 0xa624 PTR 10.2.0.10.in-addr.arpa OPT,58800,53
100,13.752895,10.0.2.4,10.0.2.1,DNS,93,0,0,64,0,0,0,0,0,0,1,0,0,0,Standard query 0xe1dd PTR 11.2.0.10.in-addr.arpa OPT,60901,53
101,13.753191,10.0.2.4,10.0.2.1,DNS,93,0,0,64,0,0,0,0,0,0,1,0,0,0,Standard query 0x07b2 PTR 12.2.0.10.in-addr.arpa OPT,56162,53
102,13.753232,10.0.2.1,10.0.2.4,DNS,81,0,0,255,0,0,0,0,0,0,0,1,0,0,Standard query response 0xd259 No such name PTR 2.2.0.10.in-addr.arpa,53,56026
103,13.753288,10.0.2.4,10.0.2.1,DNS,93,0,0,64,0,0,0,0,0,0,1,0,0,0,Standard query 0xa7cd PTR 13.2.0.10.in-addr.arpa OPT,56043,53
104,13.753373,10.0.2.1,10.0.2.4,DNS,81,0,0,255,0,0,0,0,0,0,0,1,0,0,Standard query response 0x7be7 No such name PTR 3.2.0.10.in-addr.arpa,53,47949
105,13.753416,10.0.2.4,10.0.2.1,DNS,93,0,0,64,0,0,0,0,0,0,1,0,0,0,Standard query 0x2bc2 PTR 14.2.0.10.in-addr.arpa OPT,41636,53
106,13.753821,10.0.2.4,10.0.2.1,DNS,93,0,0,64,0,0,0,0,0,0,1,0,0,0,Standard query 0xfbd5 PTR 15.2.0.10.in-addr.arpa OPT,57149,53
107,13.753871,10.0.2.1,10.0.2.4,DNS,81,0,0,255,0,0,0,0,0,0,0,1,0,0,Standard query response 0x92d9 No such name PTR 4.2.0.10.in-addr.arpa,53,45548
108,13.754166,10.0.2.1,10.0.2.4,DNS,81,0,0,255,0,0,0,0,0,0,0,1,0,0,Standard query response 0x5b9c No such name PTR 5.2.0.10.in-addr.arpa,53,44909
109,13.754366,10.0.2.1,10.0.2.4,DNS,81,0,0,255,0,0,0,0,0,0,0,1,0,0,Standard query response 0xe62a No such name PTR 6.2.0.10.in-addr.arpa,53,43253
110,13.754551,10.0.2.1,10.0.2.4,DNS,81,0,0,255,0,0,0,0,0,0,0,1,0,0,Standard query response 0x95fe No such name PTR 7.2.0.10.in-addr.arpa,53,59919
111,13.754713,10.0.2.1,10.0.2.4,DNS,81,0,0,255,0,0,0,0,0,0,0,1,0,0,Standard query response 0x46e0 No such name PTR 8.2.0.10.in-addr.arpa,53,35314
112,13.755737,10.0.2.1,10.0.2.4,DNS,81,0,0,255,0,0,0,0,0,0,0,1,0,0,Standard query response 0xa99b No such name PTR 9.2.0.10.in-addr.arpa,53,56183
113,13.756595,10.0.2.1,10.0.2.4,DNS,93,0,0,255,0,0,0,0,0,0,0,1,0,0,Standard query response 0xa624 No such name PTR 10.2.0.10.in-addr.arpa OPT,53,58800
114,13.756723,10.0.2.4,10.0.2.1,DNS,82,0,0,64,0,0,0,0,0,0,1,0,0,0,Standard query 0xa624 PTR 10.2.0.10.in-addr.arpa,58800,53
115,13.756757,10.0.2.1,10.0.2.4,DNS,93,0,0,255,0,0,0,0,0,0,0,1,0,0,Standard query response 0xe1dd No such name PTR 11.2.0.10.in-addr.arpa OPT,53,60901
116,13.756839,10.0.2.4,10.0.2.1,DNS,82,0,0,64,0,0,0,0,0,0,1,0,0,0,Standard query 0xe1dd PTR 11.2.0.10.in-addr.arpa,60901,53
117,13.756953,10.0.2.1,10.0.2.4,DNS,93,0,0,255,0,0,0,0,0,0,0,1,0,0,Standard query response 0x07b2 No such name PTR 12.2.0.10.in-addr.arpa OPT,53,56162
118,13.757061,10.0.2.4,10.0.2.1,DNS,82,0,0,64,0,0,0,0,0,0,1,0,0,0,Standard query 0x07b2 PTR 12.2.0.10.in-addr.arpa,56162,53
119,13.757184,10.0.2.1,10.0.2.4,DNS,93,0,0,255,0,0,0,0,0,0,0,1,0,0,Standard query response 0xa7cd No such name PTR 13.2.0.10.in-addr.arpa OPT,53,56043
120,13.757265,10.0.2.4,10.0.2.1,DNS,82,0,0,64,0,0,0,0,0,0,1,0,0,0,Standard query 0xa7cd PTR 13.2.0.10.in-addr.arpa,56043,53
121,13.757319,10.0.2.1,10.0.2.4,DNS,93,0,0,255,0,0,0,0,0,0,0,1,0,0,Standard query response 0x2bc2 No such name PTR 14.2.0.10.in-addr.arpa OPT,53,41636
122,13.757389,10.0.2.4,10.0.2.1,DNS,82,0,0,64,0,0,0,0,0,0,1,0,0,0,Standard query 0x2bc2 PTR 14.2.0.10.in-addr.arpa,41636,53
123,13.757474,10.0.2.1,10.0.2.4,DNS,93,0,0,255,0,0,0,0,0,0,0,1,0,0,Standard query response 0xfbd5 No such name PTR 15.2.0.10.in-addr.arpa OPT,53,57149
124,13.757548,10.0.2.4,10.0.2.1,DNS,82,0,0,64,0,0,0,0,0,0,1,0,0,0,Standard query 0xfbd5 PTR 15.2.0.10.in-addr.arpa,57149,53
125,13.75953,10.0.2.1,10.0.2.4,DNS,82,0,0,255,0,0,0,0,0,0,0,1,0,0,Standard query response 0xa624 No such name PTR 10.2.0.10.in-addr.arpa,53,58800
126,13.759629,10.0.2.1,10.0.2.4,DNS,82,0,0,255,0,0,0,0,0,0,0,1,0,0,Standard query response 0xe1dd No such name PTR 11.2.0.10.in-addr.arpa,53,60901
127,13.759788,10.0.2.1,10.0.2.4,DNS,82,0,0,255,0,0,0,0,0,0,0,1,0,0,Standard query response 0x07b2 No such name PTR 12.2.0.10.in-addr.arpa,53,56162
128,13.759967,10.0.2.1,10.0.2.4,DNS,82,0,0,255,0,0,0,0,0,0,0,1,0,0,Standard query response 0xa7cd No such name PTR 13.2.0.10.in-addr.arpa,53,56043
129,13.760111,10.0.2.1,10.0.2.4,DNS,82,0,0,255,0,0,0,0,0,0,0,1,0,0,Standard query response 0x2bc2 No such name PTR 14.2.0.10.in-addr.arpa,53,41636
130,13.760277,10.0.2.1,10.0.2.4,DNS,82,0,0,255,0,0,0,0,0,0,0,1,0,0,Standard query response 0xfbd5 No such name PTR 15.2.0.10.in-addr.arpa,53,57149
131,19.859159,10.0.2.4,10.0.2.1,DNS,92,0,0,64,0,0,0,0,0,0,1,0,0,0,Standard query 0x71dc PTR 0.3.0.10.in-addr.arpa OPT,34443,53
132,19.859275,10.0.2.4,10.0.2.1,DNS,92,0,0,64,0,0,0,0,0,0,1,0,0,0,Standard query 0xba41 PTR 1.3.0.10.in-addr.arpa OPT,38738,53
133,19.859358,10.0.2.4,10.0.2.1,DNS,92,0,0,64,0,0,0,0,0,0,1,0,0,0,Standard query 0x7717 PTR 2.3.0.10.in-addr.arpa OPT,42121,53
134,19.859456,10.0.2.4,10.0.2.1,DNS,92,0,0,64,0,0,0,0,0,0,1,0,0,0,Standard query 0x6851 PTR 3.3.0.10.in-addr.arpa OPT,54289,53
135,19.859567,10.0.2.4,10.0.2.1,DNS,92,0,0,64,0,0,0,0,0,0,1,0,0,0,Standard query 0xde5c PTR 4.3.0.10.in-addr.arpa OPT,36469,53
136,19.85967,10.0.2.4,10.0.2.1,DNS,92,0,0,64,0,0,0,0,0,0,1,0,0,0,Standard query 0x4923 PTR 5.3.0.10.in-addr.arpa OPT,34737,53
137,19.859773,10.0.2.4,10.0.2.1,DNS,92,0,0,64,0,0,0,0,0,0,1,0,0,0,Standard query 0x46da PTR 6.3.0.10.in-addr.arpa OPT,34877,53
138,19.859886,10.0.2.4,10.0.2.1,DNS,92,0,0,64,0,0,0,0,0,0,1,0,0,0,Standard query 0xd3b6 PTR 7.3.0.10.in-addr.arpa OPT,50057,53
139,19.859997,10.0.2.4,10.0.2.1,DNS,92,0,0,64,0,0,0,0,0,0,1,0,0,0,Standard query 0xcfbe PTR 8.3.0.10.in-addr.arpa OPT,43986,53
140,19.860101,10.0.2.4,10.0.2.1,DNS,92,0,0,64,0,0,0,0,0,0,1,0,0,0,Standard query 0xbe65 PTR 9.3.0.10.in-addr.arpa OPT,53239,53
141,19.863972,10.0.2.1,10.0.2.4,DNS,92,0,0,255,0,0,0,0,0,0,0,1,0,0,Standard query response 0x71dc No such name PTR 0.3.0.10.in-addr.arpa OPT,53,34443
142,19.863973,10.0.2.1,10.0.2.4,DNS,92,0,0,255,0,0,0,0,0,0,0,1,0,0,Standard query response 0xba41 No such name PTR 1.3.0.10.in-addr.arpa OPT,53,38738
143,19.864131,10.0.2.1,10.0.2.4,DNS,92,0,0,255,0,0,0,0,0,0,0,1,0,0,Standard query response 0x7717 No such name PTR 2.3.0.10.in-addr.arpa OPT,53,42121
144,19.864155,10.0.2.4,10.0.2.1,DNS,81,0,0,64,0,0,0,0,0,0,1,0,0,0,Standard query 0x71dc PTR 0.3.0.10.in-addr.arpa,34443,53
145,19.864234,10.0.2.4,10.0.2.1,DNS,81,0,0,64,0,0,0,0,0,0,1,0,0,0,Standard query 0xba41 PTR 1.3.0.10.in-addr.arpa,38738,53
146,19.864292,10.0.2.1,10.0.2.4,DNS,92,0,0,255,0,0,0,0,0,0,0,1,0,0,Standard query response 0x6851 No such name PTR 3.3.0.10.in-addr.arpa OPT,53,54289
147,19.864298,10.0.2.4,10.0.2.1,DNS,81,0,0,64,0,0,0,0,0,0,1,0,0,0,Standard query 0x7717 PTR 2.3.0.10.in-addr.arpa,42121,53
148,19.864364,10.0.2.4,10.0.2.1,DNS,81,0,0,64,0,0,0,0,0,0,1,0,0,0,Standard query 0x6851 PTR 3.3.0.10.in-addr.arpa,54289,53
149,19.864635,10.0.2.1,10.0.2.4,DNS,92,0,0,255,0,0,0,0,0,0,0,1,0,0,Standard query response 0xde5c No such name PTR 4.3.0.10.in-addr.arpa OPT,53,36469
150,19.864759,10.0.2.4,10.0.2.1,DNS,81,0,0,64,0,0,0,0,0,0,1,0,0,0,Standard query 0xde5c PTR 4.3.0.10.in-addr.arpa,36469,53
151,19.864819,10.0.2.1,10.0.2.4,DNS,92,0,0,255,0,0,0,0,0,0,0,1,0,0,Standard query response 0x4923 No such name PTR 5.3.0.10.in-addr.arpa OPT,53,34737
152,19.864909,10.0.2.4,10.0.2.1,DNS,81,0,0,64,0,0,0,0,0,0,1,0,0,0,Standard query 0x4923 PTR 5.3.0.10.in-addr.arpa,34737,53
153,19.865152,10.0.2.1,10.0.2.4,DNS,92,0,0,255,0,0,0,0,0,0,0,1,0,0,Standard query response 0x46da No such name PTR 6.3.0.10.in-addr.arpa OPT,53,34877
154,19.86523,10.0.2.1,10.0.2.4,DNS,92,0,0,255,0,0,0,0,0,0,0,1,0,0,Standard query response 0xd3b6 No such name PTR 7.3.0.10.in-addr.arpa OPT,53,50057
155,19.865266,10.0.2.4,10.0.2.1,DNS,81,0,0,64,0,0,0,0,0,0,1,0,0,0,Standard query 0x46da PTR 6.3.0.10.in-addr.arpa,34877,53
156,19.86535,10.0.2.4,10.0.2.1,DNS,81,0,0,64,0,0,0,0,0,0,1,0,0,0,Standard query 0xd3b6 PTR 7.3.0.10.in-addr.arpa,50057,53
157,19.86587,10.0.2.1,10.0.2.4,DNS,92,0,0,255,0,0,0,0,0,0,0,1,0,0,Standard query response 0xcfbe No such name PTR 8.3.0.10.in-addr.arpa OPT,53,43986
158,19.865871,10.0.2.1,10.0.2.4,DNS,92,0,0,255,0,0,0,0,0,0,0,1,0,0,Standard query response 0xbe65 No such name PTR 9.3.0.10.in-addr.arpa OPT,53,53239
159,19.866006,10.0.2.4,10.0.2.1,DNS,81,0,0,64,0,0,0,0,0,0,1,0,0,0,Standard query 0xcfbe PTR 8.3.0.10.in-addr.arpa,43986,53
160,19.866086,10.0.2.4,10.0.2.1,DNS,81,0,0,64,0,0,0,0,0,0,1,0,0,0,Standard query 0xbe65 PTR 9.3.0.10.in-addr.arpa,53239,53
161,19.867963,10.0.2.1,10.0.2.4,DNS,81,0,0,255,0,0,0,0,0,0,0,1,0,0,Standard query response 0x71dc No such name PTR 0.3.0.10.in-addr.arpa,53,34443
162,19.86822,10.0.2.1,10.0.2.4,DNS,81,0,0,255,0,0,0,0,0,0,0,1,0,0,Standard query response 0xba41 No such name PTR 1.3.0.10.in-addr.arpa,53,38738
163,19.868682,10.0.2.4,10.0.2.1,DNS,93,0,0,64,0,0,0,0,0,0,1,0,0,0,Standard query 0x6e0e PTR 10.3.0.10.in-addr.arpa OPT,40105,53
164,19.868847,10.0.2.4,10.0.2.1,DNS,93,0,0,64,0,0,0,0,0,0,1,0,0,0,Standard query 0x8637 PTR 11.3.0.10.in-addr.arpa OPT,43192,53
165,19.868926,10.0.2.1,10.0.2.4,DNS,81,0,0,255,0,0,0,0,0,0,0,1,0,0,Standard query response 0x7717 No such name PTR 2.3.0.10.in-addr.arpa,53,42121
166,19.869011,10.0.2.4,10.0.2.1,DNS,93,0,0,64,0,0,0,0,0,0,1,0,0,0,Standard query 0xf19c PTR 12.3.0.10.in-addr.arpa OPT,39840,53
167,19.869156,10.0.2.4,10.0.2.1,DNS,93,0,0,64,0,0,0,0,0,0,1,0,0,0,Standard query 0x82c8 PTR 13.3.0.10.in-addr.arpa OPT,39306,53
168,19.869233,10.0.2.1,10.0.2.4,DNS,81,0,0,255,0,0,0,0,0,0,0,1,0,0,Standard query response 0x6851 No such name PTR 3.3.0.10.in-addr.arpa,53,54289
169,19.869421,10.0.2.1,10.0.2.4,DNS,81,0,0,255,0,0,0,0,0,0,0,1,0,0,Standard query response 0xde5c No such name PTR 4.3.0.10.in-addr.arpa,53,36469
170,19.86963,10.0.2.1,10.0.2.4,DNS,81,0,0,255,0,0,0,0,0,0,0,1,0,0,Standard query response 0x4923 No such name PTR 5.3.0.10.in-addr.arpa,53,34737
171,19.869647,10.0.2.4,10.0.2.1,DNS,93,0,0,64,0,0,0,0,0,0,1,0,0,0,Standard query 0xde5b PTR 14.3.0.10.in-addr.arpa OPT,41807,53
172,19.869987,10.0.2.1,10.0.2.4,DNS,81,0,0,255,0,0,0,0,0,0,0,1,0,0,Standard query response 0x46da No such name PTR 6.3.0.10.in-addr.arpa,53,34877
173,19.870201,10.0.2.1,10.0.2.4,DNS,81,0,0,255,0,0,0,0,0,0,0,1,0,0,Standard query response 0xd3b6 No such name PTR 7.3.0.10.in-addr.arpa,53,50057
174,19.870383,10.0.2.1,10.0.2.4,DNS,81,0,0,255,0,0,0,0,0,0,0,1,0,0,Standard query response 0xcfbe No such name PTR 8.3.0.10.in-addr.arpa,53,43986
175,19.870551,10.0.2.1,10.0.2.4,DNS,81,0,0,255,0,0,0,0,0,0,0,1,0,0,Standard query response 0xbe65 No such name PTR 9.3.0.10.in-addr.arpa,53,53239
176,19.870641,10.0.2.4,10.0.2.1,DNS,93,0,0,64,0,0,0,0,0,0,1,0,0,0,Standard query 0xa334 PTR 15.3.0.10.in-addr.arpa OPT,52387,53
177,19.872442,10.0.2.1,10.0.2.4,DNS,93,0,0,255,0,0,0,0,0,0,0,1,0,0,Standard query response 0x6e0e No such name PTR 10.3.0.10.in-addr.arpa OPT,53,40105
178,19.872674,10.0.2.1,10.0.2.4,DNS,93,0,0,255,0,0,0,0,0,0,0,1,0,0,Standard query response 0x8637 No such name PTR 11.3.0.10.in-addr.arpa OPT,53,43192
179,19.872781,10.0.2.1,10.0.2.4,DNS,93,0,0,255,0,0,0,0,0,0,0,1,0,0,Standard query response 0xf19c No such name PTR 12.3.0.10.in-addr.arpa OPT,53,39840
180,19.872934,10.0.2.1,10.0.2.4,DNS,93,0,0,255,0,0,0,0,0,0,0,1,0,0,Standard query response 0x82c8 No such name PTR 13.3.0.10.in-addr.arpa OPT,53,39306
181,19.872941,10.0.2.4,10.0.2.1,DNS,82,0,0,64,0,0,0,0,0,0,1,0,0,0,Standard query 0x6e0e PTR 10.3.0.10.in-addr.arpa,40105,53
182,19.8731,10.0.2.4,10.0.2.1,DNS,82,0,0,64,0,0,0,0,0,0,1,0,0,0,Standard query 0x8637 PTR 11.3.0.10.in-addr.arpa,43192,53
183,19.873151,10.0.2.1,10.0.2.4,DNS,93,0,0,255,0,0,0,0,0,0,0,1,0,0,Standard query response 0xde5b No such name PTR 14.3.0.10.in-addr.arpa OPT,53,41807
184,19.873251,10.0.2.4,10.0.2.1,DNS,82,0,0,64,0,0,0,0,0,0,1,0,0,0,Standard query 0x82c8 PTR 13.3.0.10.in-addr.arpa,39306,53
185,19.8734,10.0.2.4,10.0.2.1,DNS,82,0,0,64,0,0,0,0,0,0,1,0,0,0,Standard query 0xf19c PTR 12.3.0.10.in-addr.arpa,39840,53
186,19.873511,10.0.2.4,10.0.2.1,DNS,82,0,0,64,0,0,0,0,0,0,1,0,0,0,Standard query 0xde5b PTR 14.3.0.10.in-addr.arpa,41807,53
187,19.873895,10.0.2.1,10.0.2.4,DNS,93,0,0,255,0,0,0,0,0,0,0,1,0,0,Standard query response 0xa334 No such name PTR 15.3.0.10.in-addr.arpa OPT,53,52387
188,19.874116,10.0.2.4,10.0.2.1,DNS,82,0,0,64,0,0,0,0,0,0,1,0,0,0,Standard query 0xa334 PTR 15.3.0.10.in-addr.arpa,52387,53
189,19.875326,10.0.2.1,10.0.2.4,DNS,82,0,0,255,0,0,0,0,0,0,0,1,0,0,Standard query response 0x6e0e No such name PTR 10.3.0.10.in-addr.arpa,53,40105
190,19.875415,10.0.2.1,10.0.2.4,DNS,82,0,0,255,0,0,0,0,0,0,0,1,0,0,Standard query response 0x8637 No such name PTR 11.3.0.10.in-addr.arpa,53,43192
191,19.875855,10.0.2.1,10.0.2.4,DNS,82,0,0,255,0,0,0,0,0,0,0,1,0,0,Standard query response 0x82c8 No such name PTR 13.3.0.10.in-addr.arpa,53,39306
192,19.876232,10.0.2.1,10.0.2.4,DNS,82,0,0,255,0,0,0,0,0,0,0,1,0,0,Standard query response 0xf19c No such name PTR 12.3.0.10.in-addr.arpa,53,39840
193,19.876542,10.0.2.1,10.0.2.4,DNS,82,0,0,255,0,0,0,0,0,0,0,1,0,0,Standard query response 0xde5b No such name PTR 14.3.0.10.in-addr.arpa,53,41807
194,19.876828,10.0.2.1,10.0.2.4,DNS,82,0,0,255,0,0,0,0,0,0,0,1,0,0,Standard query response 0xa334 No such name PTR 15.3.0.10.in-addr.arpa,53,52387
